<?xml version="1.0" encoding="UTF-8"?>
<!DOCTYPE mapper PUBLIC "-//mybatis.org//DTD Mapper 3.0//EN" "http://mybatis.org/dtd/mybatis-3-mapper.dtd">
<mapper namespace="cn.neepi.project2.mapper.BrandMapper">
  <resultMap id="BaseResultMap" type="cn.neepi.project2.model.ShoppingMallModel.Brand">
    <id column="id" jdbcType="INTEGER" property="id" />
    <result column="name" jdbcType="VARCHAR" property="name" />
    <result column="desc" jdbcType="VARCHAR" property="desc" />
    <result column="pic_url" jdbcType="VARCHAR" property="picUrl" />
    <result column="sort_order" jdbcType="TINYINT" property="sortOrder" />
    <result column="floor_price" jdbcType="DECIMAL" property="floorPrice" />
    <result column="add_time" jdbcType="TIMESTAMP" property="addTime" />
    <result column="update_time" jdbcType="TIMESTAMP" property="updateTime" />
    <result column="deleted" jdbcType="BIT" property="deleted" />
  </resultMap>
  <cache/>
  <sql id="Example_Where_Clause">
    <where>
      <foreach collection="oredCriteria" item="criteria" separator="or">
        <if test="criteria.valid">
          <trim prefix="(" prefixOverrides="and" suffix=")">
            <foreach collection="criteria.criteria" item="criterion">
              <choose>
                <when test="criterion.noValue">
                  and ${criterion.condition}
                </when>
                <when test="criterion.singleValue">
                  and ${criterion.condition} #{criterion.value}
                </when>
                <when test="criterion.betweenValue">
                  and ${criterion.condition} #{criterion.value} and #{criterion.secondValue}
                </when>
                <when test="criterion.listValue">
                  and ${criterion.condition}
                  <foreach close=")" collection="criterion.value" item="listItem" open="(" separator=",">
                    #{listItem}
                  </foreach>
                </when>
              </choose>
            </foreach>
          </trim>
        </if>
      </foreach>
    </where>
  </sql>
  <sql id="Update_By_Example_Where_Clause">
    <where>
      <foreach collection="example.oredCriteria" item="criteria" separator="or">
        <if test="criteria.valid">
          <trim prefix="(" prefixOverrides="and" suffix=")">
            <foreach collection="criteria.criteria" item="criterion">
              <choose>
                <when test="criterion.noValue">
                  and ${criterion.condition}
                </when>
                <when test="criterion.singleValue">
                  and ${criterion.condition} #{criterion.value}
                </when>
                <when test="criterion.betweenValue">
                  and ${criterion.condition} #{criterion.value} and #{criterion.secondValue}
                </when>
                <when test="criterion.listValue">
                  and ${criterion.condition}
                  <foreach close=")" collection="criterion.value" item="listItem" open="(" separator=",">
                    #{listItem}
                  </foreach>
                </when>
              </choose>
            </foreach>
          </trim>
        </if>
      </foreach>
    </where>
  </sql>
  <sql id="Base_Column_List">
    id, `name`, `desc`, pic_url, sort_order, floor_price, add_time, update_time, deleted
  </sql>
  <select id="selectByExample" parameterType="cn.neepi.project2.model.ShoppingMallModel.BrandExample" resultMap="BaseResultMap">
    select
    <if test="distinct">
      distinct
    </if>
    <include refid="Base_Column_List" />
    from cskaoyan_mall_brand
    <if test="_parameter != null">
      <include refid="Example_Where_Clause" />
    </if>
    <if test="orderByClause != null">
      order by ${orderByClause}
    </if>
  </select>
  <select id="selectByPrimaryKey" parameterType="java.lang.Integer" resultMap="BaseResultMap">
    select
    <include refid="Base_Column_List" />
    from cskaoyan_mall_brand
    where id = #{id,jdbcType=INTEGER}
  </select>
  <delete id="deleteByPrimaryKey" parameterType="java.lang.Integer">
    delete from cskaoyan_mall_brand
    where id = #{id,jdbcType=INTEGER}
  </delete>
  <delete id="deleteByExample" parameterType="cn.neepi.project2.model.ShoppingMallModel.BrandExample">
    delete from cskaoyan_mall_brand
    <if test="_parameter != null">
      <include refid="Example_Where_Clause" />
    </if>
  </delete>
  <insert useGeneratedKeys="true" keyProperty="id" id="insert" parameterType="cn.neepi.project2.model.ShoppingMallModel.Brand">
    insert into cskaoyan_mall_brand (id, `name`, `desc`,
      pic_url, sort_order, floor_price,
      add_time, update_time, deleted
      )
    values (#{id,jdbcType=INTEGER}, #{name,jdbcType=VARCHAR}, #{desc,jdbcType=VARCHAR},
      #{picUrl,jdbcType=VARCHAR}, #{sortOrder,jdbcType=TINYINT}, #{floorPrice,jdbcType=DECIMAL},
      #{addTime,jdbcType=TIMESTAMP}, #{updateTime,jdbcType=TIMESTAMP}, #{deleted,jdbcType=BIT}
      )
  </insert>
  <insert id="insertSelective" parameterType="cn.neepi.project2.model.ShoppingMallModel.Brand">
    insert into cskaoyan_mall_brand
    <trim prefix="(" suffix=")" suffixOverrides=",">
      <if test="id != null">
        id,
      </if>
      <if test="name != null">
        `name`,
      </if>
      <if test="desc != null">
        `desc`,
      </if>
      <if test="picUrl != null">
        pic_url,
      </if>
      <if test="sortOrder != null">
        sort_order,
      </if>
      <if test="floorPrice != null">
        floor_price,
      </if>
      <if test="addTime != null">
        add_time,
      </if>
      <if test="updateTime != null">
        update_time,
      </if>
      <if test="deleted != null">
        deleted,
      </if>
    </trim>
    <trim prefix="values (" suffix=")" suffixOverrides=",">
      <if test="id != null">
        #{id,jdbcType=INTEGER},
      </if>
      <if test="name != null">
        #{name,jdbcType=VARCHAR},
      </if>
      <if test="desc != null">
        #{desc,jdbcType=VARCHAR},
      </if>
      <if test="picUrl != null">
        #{picUrl,jdbcType=VARCHAR},
      </if>
      <if test="sortOrder != null">
        #{sortOrder,jdbcType=TINYINT},
      </if>
      <if test="floorPrice != null">
        #{floorPrice,jdbcType=DECIMAL},
      </if>
      <if test="addTime != null">
        #{addTime,jdbcType=TIMESTAMP},
      </if>
      <if test="updateTime != null">
        #{updateTime,jdbcType=TIMESTAMP},
      </if>
      <if test="deleted != null">
        #{deleted,jdbcType=BIT},
      </if>
    </trim>
  </insert>
  <select id="countByExample" parameterType="cn.neepi.project2.model.ShoppingMallModel.BrandExample" resultType="java.lang.Long">
    select count(*) from cskaoyan_mall_brand
    <if test="_parameter != null">
      <include refid="Example_Where_Clause" />
    </if>
  </select>
  <update id="updateByExampleSelective" parameterType="map">
    update cskaoyan_mall_brand
    <set>
      <if test="record.id != null">
        id = #{record.id,jdbcType=INTEGER},
      </if>
      <if test="record.name != null">
        `name` = #{record.name,jdbcType=VARCHAR},
      </if>
      <if test="record.desc != null">
        `desc` = #{record.desc,jdbcType=VARCHAR},
      </if>
      <if test="record.picUrl != null">
        pic_url = #{record.picUrl,jdbcType=VARCHAR},
      </if>
      <if test="record.sortOrder != null">
        sort_order = #{record.sortOrder,jdbcType=TINYINT},
      </if>
      <if test="record.floorPrice != null">
        floor_price = #{record.floorPrice,jdbcType=DECIMAL},
      </if>
      <if test="record.addTime != null">
        add_time = #{record.addTime,jdbcType=TIMESTAMP},
      </if>
      <if test="record.updateTime != null">
        update_time = #{record.updateTime,jdbcType=TIMESTAMP},
      </if>
      <if test="record.deleted != null">
        deleted = #{record.deleted,jdbcType=BIT},
      </if>
    </set>
    <if test="_parameter != null">
      <include refid="Update_By_Example_Where_Clause" />
    </if>
  </update>
  <update id="updateByExample" parameterType="map">
    update cskaoyan_mall_brand
    set id = #{record.id,jdbcType=INTEGER},
      `name` = #{record.name,jdbcType=VARCHAR},
      `desc` = #{record.desc,jdbcType=VARCHAR},
      pic_url = #{record.picUrl,jdbcType=VARCHAR},
      sort_order = #{record.sortOrder,jdbcType=TINYINT},
      floor_price = #{record.floorPrice,jdbcType=DECIMAL},
      add_time = #{record.addTime,jdbcType=TIMESTAMP},
      update_time = #{record.updateTime,jdbcType=TIMESTAMP},
      deleted = #{record.deleted,jdbcType=BIT}
    <if test="_parameter != null">
      <include refid="Update_By_Example_Where_Clause" />
    </if>
  </update>
  <update id="updateByPrimaryKeySelective" parameterType="cn.neepi.project2.model.ShoppingMallModel.Brand">
    update cskaoyan_mall_brand
    <set>
      <if test="name != null">
        `name` = #{name,jdbcType=VARCHAR},
      </if>
      <if test="desc != null">
        `desc` = #{desc,jdbcType=VARCHAR},
      </if>
      <if test="picUrl != null">
        pic_url = #{picUrl,jdbcType=VARCHAR},
      </if>
      <if test="sortOrder != null">
        sort_order = #{sortOrder,jdbcType=TINYINT},
      </if>
      <if test="floorPrice != null">
        floor_price = #{floorPrice,jdbcType=DECIMAL},
      </if>
      <if test="addTime != null">
        add_time = #{addTime,jdbcType=TIMESTAMP},
      </if>
      <if test="updateTime != null">
        update_time = #{updateTime,jdbcType=TIMESTAMP},
      </if>
      <if test="deleted != null">
        deleted = #{deleted,jdbcType=BIT},
      </if>
    </set>
    where id = #{id,jdbcType=INTEGER}
  </update>
  <update id="updateByPrimaryKey" parameterType="cn.neepi.project2.model.ShoppingMallModel.Brand">
    update cskaoyan_mall_brand
    set `name` = #{name,jdbcType=VARCHAR},
      `desc` = #{desc,jdbcType=VARCHAR},
      pic_url = #{picUrl,jdbcType=VARCHAR},
      sort_order = #{sortOrder,jdbcType=TINYINT},
      floor_price = #{floorPrice,jdbcType=DECIMAL},
      add_time = #{addTime,jdbcType=TIMESTAMP},
      update_time = #{updateTime,jdbcType=TIMESTAMP},
      deleted = #{deleted,jdbcType=BIT}
    where id = #{id,jdbcType=INTEGER}
  </update>

  <select id="selectAllBrand" resultType="cn.neepi.project2.model.ShoppingMallModel.BrandL1">
    select id as `value`,name as`label` from cskaoyan_mall_brand
  </select>
</mapper>
