<?xml version="1.0" encoding="UTF-8"?>
<!DOCTYPE mapper PUBLIC "-//mybatis.org//DTD Mapper 3.0//EN" "http://mybatis.org/dtd/mybatis-3-mapper.dtd">
<mapper namespace="cn.neepi.project2.mapper.CskaoyanMallPhoneCodeMapper">
  <resultMap id="BaseResultMap" type="cn.neepi.project2.model.CskaoyanMallPhoneCode">
    <!--@mbg.generated-->
    <!--@Table cskaoyan_mall_phone_code-->
    <id column="id" jdbcType="INTEGER" property="id" />
    <result column="phone" jdbcType="VARCHAR" property="phone" />
    <result column="code" jdbcType="VARCHAR" property="code" />
    <result column="deleteTime" jdbcType="TIMESTAMP" property="deletetime" />
  </resultMap>
  <sql id="Example_Where_Clause">
    <!--@mbg.generated-->
    <where>
      <foreach collection="oredCriteria" item="criteria" separator="or">
        <if test="criteria.valid">
          <trim prefix="(" prefixOverrides="and" suffix=")">
            <foreach collection="criteria.criteria" item="criterion">
              <choose>
                <when test="criterion.noValue">
                  and ${criterion.condition}
                </when>
                <when test="criterion.singleValue">
                  and ${criterion.condition} #{criterion.value}
                </when>
                <when test="criterion.betweenValue">
                  and ${criterion.condition} #{criterion.value} and #{criterion.secondValue}
                </when>
                <when test="criterion.listValue">
                  and ${criterion.condition}
                  <foreach close=")" collection="criterion.value" item="listItem" open="(" separator=",">
                    #{listItem}
                  </foreach>
                </when>
              </choose>
            </foreach>
          </trim>
        </if>
      </foreach>
    </where>
  </sql>
  <sql id="Update_By_Example_Where_Clause">
    <!--@mbg.generated-->
    <where>
      <foreach collection="example.oredCriteria" item="criteria" separator="or">
        <if test="criteria.valid">
          <trim prefix="(" prefixOverrides="and" suffix=")">
            <foreach collection="criteria.criteria" item="criterion">
              <choose>
                <when test="criterion.noValue">
                  and ${criterion.condition}
                </when>
                <when test="criterion.singleValue">
                  and ${criterion.condition} #{criterion.value}
                </when>
                <when test="criterion.betweenValue">
                  and ${criterion.condition} #{criterion.value} and #{criterion.secondValue}
                </when>
                <when test="criterion.listValue">
                  and ${criterion.condition}
                  <foreach close=")" collection="criterion.value" item="listItem" open="(" separator=",">
                    #{listItem}
                  </foreach>
                </when>
              </choose>
            </foreach>
          </trim>
        </if>
      </foreach>
    </where>
  </sql>
  <sql id="Base_Column_List">
    <!--@mbg.generated-->
    id, phone, code, deleteTime
  </sql>
  <select id="selectByExample" parameterType="cn.neepi.project2.model.CskaoyanMallPhoneCodeExample" resultMap="BaseResultMap">
    <!--@mbg.generated-->
    select
    <if test="distinct">
      distinct
    </if>
    <include refid="Base_Column_List" />
    from cskaoyan_mall_phone_code
    <if test="_parameter != null">
      <include refid="Example_Where_Clause" />
    </if>
    <if test="orderByClause != null">
      order by ${orderByClause}
    </if>
  </select>
  <select id="selectByPrimaryKey" parameterType="java.lang.Integer" resultMap="BaseResultMap">
    <!--@mbg.generated-->
    select 
    <include refid="Base_Column_List" />
    from cskaoyan_mall_phone_code
    where id = #{id,jdbcType=INTEGER}
  </select>
  <delete id="deleteByPrimaryKey" parameterType="java.lang.Integer">
    <!--@mbg.generated-->
    delete from cskaoyan_mall_phone_code
    where id = #{id,jdbcType=INTEGER}
  </delete>
  <delete id="deleteByExample" parameterType="cn.neepi.project2.model.CskaoyanMallPhoneCodeExample">
    <!--@mbg.generated-->
    delete from cskaoyan_mall_phone_code
    <if test="_parameter != null">
      <include refid="Example_Where_Clause" />
    </if>
  </delete>
  <insert id="insert" keyColumn="id" keyProperty="id" parameterType="cn.neepi.project2.model.CskaoyanMallPhoneCode" useGeneratedKeys="true">
    <!--@mbg.generated-->
    insert into cskaoyan_mall_phone_code (phone, code, deleteTime
      )
    values (#{phone,jdbcType=VARCHAR}, #{code,jdbcType=VARCHAR}, #{deletetime,jdbcType=TIMESTAMP}
      )
  </insert>
  <insert id="insertSelective" keyColumn="id" keyProperty="id" parameterType="cn.neepi.project2.model.CskaoyanMallPhoneCode" useGeneratedKeys="true">
    <!--@mbg.generated-->
    insert into cskaoyan_mall_phone_code
    <trim prefix="(" suffix=")" suffixOverrides=",">
      <if test="phone != null">
        phone,
      </if>
      <if test="code != null">
        code,
      </if>
      <if test="deletetime != null">
        deleteTime,
      </if>
    </trim>
    <trim prefix="values (" suffix=")" suffixOverrides=",">
      <if test="phone != null">
        #{phone,jdbcType=VARCHAR},
      </if>
      <if test="code != null">
        #{code,jdbcType=VARCHAR},
      </if>
      <if test="deletetime != null">
        #{deletetime,jdbcType=TIMESTAMP},
      </if>
    </trim>
  </insert>
  <select id="countByExample" parameterType="cn.neepi.project2.model.CskaoyanMallPhoneCodeExample" resultType="java.lang.Long">
    <!--@mbg.generated-->
    select count(*) from cskaoyan_mall_phone_code
    <if test="_parameter != null">
      <include refid="Example_Where_Clause" />
    </if>
  </select>
  <update id="updateByExampleSelective" parameterType="map">
    <!--@mbg.generated-->
    update cskaoyan_mall_phone_code
    <set>
      <if test="record.id != null">
        id = #{record.id,jdbcType=INTEGER},
      </if>
      <if test="record.phone != null">
        phone = #{record.phone,jdbcType=VARCHAR},
      </if>
      <if test="record.code != null">
        code = #{record.code,jdbcType=VARCHAR},
      </if>
      <if test="record.deletetime != null">
        deleteTime = #{record.deletetime,jdbcType=TIMESTAMP},
      </if>
    </set>
    <if test="_parameter != null">
      <include refid="Update_By_Example_Where_Clause" />
    </if>
  </update>
  <update id="updateByExample" parameterType="map">
    <!--@mbg.generated-->
    update cskaoyan_mall_phone_code
    set id = #{record.id,jdbcType=INTEGER},
      phone = #{record.phone,jdbcType=VARCHAR},
      code = #{record.code,jdbcType=VARCHAR},
      deleteTime = #{record.deletetime,jdbcType=TIMESTAMP}
    <if test="_parameter != null">
      <include refid="Update_By_Example_Where_Clause" />
    </if>
  </update>
  <update id="updateByPrimaryKeySelective" parameterType="cn.neepi.project2.model.CskaoyanMallPhoneCode">
    <!--@mbg.generated-->
    update cskaoyan_mall_phone_code
    <set>
      <if test="phone != null">
        phone = #{phone,jdbcType=VARCHAR},
      </if>
      <if test="code != null">
        code = #{code,jdbcType=VARCHAR},
      </if>
      <if test="deletetime != null">
        deleteTime = #{deletetime,jdbcType=TIMESTAMP},
      </if>
    </set>
    where id = #{id,jdbcType=INTEGER}
  </update>
  <update id="updateByPrimaryKey" parameterType="cn.neepi.project2.model.CskaoyanMallPhoneCode">
    <!--@mbg.generated-->
    update cskaoyan_mall_phone_code
    set phone = #{phone,jdbcType=VARCHAR},
      code = #{code,jdbcType=VARCHAR},
      deleteTime = #{deletetime,jdbcType=TIMESTAMP}
    where id = #{id,jdbcType=INTEGER}
  </update>
</mapper>