<?xml version="1.0" encoding="UTF-8"?>
<!DOCTYPE mapper PUBLIC "-//mybatis.org//DTD Mapper 3.0//EN" "http://mybatis.org/dtd/mybatis-3-mapper.dtd">
<mapper namespace="cn.neepi.project2.mapper.CskaoyanMallSystemPermissionsMapper">
  <resultMap id="BaseResultMap" type="cn.neepi.project2.model.CskaoyanMallSystemPermissions">
    <!--@mbg.generated-->
    <!--@Table cskaoyan_mall_system_permissions-->
    <id column="table_id" jdbcType="INTEGER" property="tableId" />
    <result column="id" jdbcType="VARCHAR" property="id" />
    <result column="pid" jdbcType="INTEGER" property="pid" />
    <result column="label" jdbcType="VARCHAR" property="label" />
    <result column="api" jdbcType="VARCHAR" property="api" />
  </resultMap>
  <sql id="Base_Column_List">
    <!--@mbg.generated-->
    table_id, id, pid, `label`, api
  </sql>
  <select id="selectByPrimaryKey" parameterType="java.lang.Integer" resultMap="BaseResultMap">
    <!--@mbg.generated-->
    select
    <include refid="Base_Column_List" />
    from cskaoyan_mall_system_permissions
    where table_id = #{tableId,jdbcType=INTEGER}
  </select>
  <delete id="deleteByPrimaryKey" parameterType="java.lang.Integer">
    <!--@mbg.generated-->
    delete from cskaoyan_mall_system_permissions
    where table_id = #{tableId,jdbcType=INTEGER}
  </delete>
  <insert id="insert" keyColumn="table_id" keyProperty="tableId" parameterType="cn.neepi.project2.model.CskaoyanMallSystemPermissions" useGeneratedKeys="true">
    <!--@mbg.generated-->
    insert into cskaoyan_mall_system_permissions (id, pid, `label`,
      api)
    values (#{id,jdbcType=VARCHAR}, #{pid,jdbcType=INTEGER}, #{label,jdbcType=VARCHAR},
      #{api,jdbcType=VARCHAR})
  </insert>
  <insert id="insertSelective" keyColumn="table_id" keyProperty="tableId" parameterType="cn.neepi.project2.model.CskaoyanMallSystemPermissions" useGeneratedKeys="true">
    <!--@mbg.generated-->
    insert into cskaoyan_mall_system_permissions
    <trim prefix="(" suffix=")" suffixOverrides=",">
      <if test="id != null">
        id,
      </if>
      <if test="pid != null">
        pid,
      </if>
      <if test="label != null">
        `label`,
      </if>
      <if test="api != null">
        api,
      </if>
    </trim>
    <trim prefix="values (" suffix=")" suffixOverrides=",">
      <if test="id != null">
        #{id,jdbcType=VARCHAR},
      </if>
      <if test="pid != null">
        #{pid,jdbcType=INTEGER},
      </if>
      <if test="label != null">
        #{label,jdbcType=VARCHAR},
      </if>
      <if test="api != null">
        #{api,jdbcType=VARCHAR},
      </if>
    </trim>
  </insert>
  <update id="updateByPrimaryKeySelective" parameterType="cn.neepi.project2.model.CskaoyanMallSystemPermissions">
    <!--@mbg.generated-->
    update cskaoyan_mall_system_permissions
    <set>
      <if test="id != null">
        id = #{id,jdbcType=VARCHAR},
      </if>
      <if test="pid != null">
        pid = #{pid,jdbcType=INTEGER},
      </if>
      <if test="label != null">
        `label` = #{label,jdbcType=VARCHAR},
      </if>
      <if test="api != null">
        api = #{api,jdbcType=VARCHAR},
      </if>
    </set>
    where table_id = #{tableId,jdbcType=INTEGER}
  </update>
  <update id="updateByPrimaryKey" parameterType="cn.neepi.project2.model.CskaoyanMallSystemPermissions">
    <!--@mbg.generated-->
    update cskaoyan_mall_system_permissions
    set id = #{id,jdbcType=VARCHAR},
      pid = #{pid,jdbcType=INTEGER},
      `label` = #{label,jdbcType=VARCHAR},
      api = #{api,jdbcType=VARCHAR}
    where table_id = #{tableId,jdbcType=INTEGER}
  </update>
  <!--自己写的查询所有permissions-->

  <!--PermissionResp对应的resultMap-->
  <resultMap id="RespResultMap" type="cn.neepi.project2.model.responseModel.PermissionResp">
    <result column="id" jdbcType="VARCHAR" property="id" />
    <result column="label" jdbcType="VARCHAR" property="label" />
    <result column="api" jdbcType="VARCHAR" property="api" />
  </resultMap>
  <!--第一层对应map-->
  <resultMap id="FirstPermissonMap" type="cn.neepi.project2.model.responseModel.PermissionResp">
    <result column="id" jdbcType="VARCHAR" property="id" />
    <result column="label" jdbcType="VARCHAR" property="label" />
    <collection property="children" ofType="cn.neepi.project2.model.responseModel.PermissionResp" column="table_id"
                select="selectSecondPermissions" javaType="arraylist" />
  </resultMap>
  <!--第二层对应map-->
  <resultMap id="SecondPermissionMap" type="cn.neepi.project2.model.responseModel.PermissionResp">
    <result column="id" jdbcType="VARCHAR" property="id" />
    <result column="label" jdbcType="VARCHAR" property="label" />
    <collection property="children" ofType="cn.neepi.project2.model.responseModel.PermissionResp" column="table_id"
                select="selectThirdPermissions" javaType="arraylist" />
  </resultMap>
  <!--第一层-->
  <select id="selectAllPermissons" resultMap="FirstPermissonMap">
    select id, label, table_id from cskaoyan_mall_system_permissions where pid = 0
  </select>
  <select id="selectSecondPermissions" resultMap="SecondPermissionMap">
    select id, label, table_id from cskaoyan_mall_system_permissions where pid = #{table_id}
  </select>
  <select id="selectThirdPermissions" resultMap="RespResultMap">
    select id, label, api from cskaoyan_mall_system_permissions where pid = #{table_id}
  </select>
    <select id="selectUserPermison" resultType="java.lang.String">
      select api from cskaoyan_mall_system_permissions where id in
      <foreach collection="permissions" item="permission" open="(" separator="," close=")">
        #{permission}
      </foreach>
    </select>
</mapper>
