<?xml version="1.0" encoding="UTF-8"?>
<!DOCTYPE mapper PUBLIC "-//mybatis.org//DTD Mapper 3.0//EN" "http://mybatis.org/dtd/mybatis-3-mapper.dtd">
<mapper namespace="cn.neepi.project2.mapper.FeedbackMapper">
  <resultMap id="BaseResultMap" type="cn.neepi.project2.model.Feedback">
    <id column="id" jdbcType="INTEGER" property="id" />
    <result column="user_id" jdbcType="INTEGER" property="userId" />
    <result column="username" jdbcType="VARCHAR" property="username" />
    <result column="mobile" jdbcType="VARCHAR" property="mobile" />
    <result column="feed_type" jdbcType="VARCHAR" property="feedType" />
    <result column="content" jdbcType="VARCHAR" property="content" />
    <result column="status" jdbcType="INTEGER" property="status" />
    <result column="has_picture" jdbcType="BIT" property="hasPicture" />
    <result column="pic_urls" jdbcType="VARCHAR" property="picUrls" />
    <result column="add_time" jdbcType="TIMESTAMP" property="addTime" />
    <result column="update_time" jdbcType="TIMESTAMP" property="updateTime" />
    <result column="deleted" jdbcType="BIT" property="deleted" />
  </resultMap>
  <sql id="Example_Where_Clause">
    <where>
      <foreach collection="oredCriteria" item="criteria" separator="or">
        <if test="criteria.valid">
          <trim prefix="(" prefixOverrides="and" suffix=")">
            <foreach collection="criteria.criteria" item="criterion">
              <choose>
                <when test="criterion.noValue">
                  and ${criterion.condition}
                </when>
                <when test="criterion.singleValue">
                  and ${criterion.condition} #{criterion.value}
                </when>
                <when test="criterion.betweenValue">
                  and ${criterion.condition} #{criterion.value} and #{criterion.secondValue}
                </when>
                <when test="criterion.listValue">
                  and ${criterion.condition}
                  <foreach close=")" collection="criterion.value" item="listItem" open="(" separator=",">
                    #{listItem}
                  </foreach>
                </when>
              </choose>
            </foreach>
          </trim>
        </if>
      </foreach>
    </where>
  </sql>
  <sql id="Update_By_Example_Where_Clause">
    <where>
      <foreach collection="example.oredCriteria" item="criteria" separator="or">
        <if test="criteria.valid">
          <trim prefix="(" prefixOverrides="and" suffix=")">
            <foreach collection="criteria.criteria" item="criterion">
              <choose>
                <when test="criterion.noValue">
                  and ${criterion.condition}
                </when>
                <when test="criterion.singleValue">
                  and ${criterion.condition} #{criterion.value}
                </when>
                <when test="criterion.betweenValue">
                  and ${criterion.condition} #{criterion.value} and #{criterion.secondValue}
                </when>
                <when test="criterion.listValue">
                  and ${criterion.condition}
                  <foreach close=")" collection="criterion.value" item="listItem" open="(" separator=",">
                    #{listItem}
                  </foreach>
                </when>
              </choose>
            </foreach>
          </trim>
        </if>
      </foreach>
    </where>
  </sql>
  <sql id="Base_Column_List">
    id, user_id, username, mobile, feed_type, content, status, has_picture, pic_urls, 
    add_time, update_time, deleted
  </sql>
  <select id="selectByExample" parameterType="cn.neepi.project2.model.FeedbackExample" resultMap="BaseResultMap">
    select
    <if test="distinct">
      distinct
    </if>
    <include refid="Base_Column_List" />
    from cskaoyan_mall_feedback
    <if test="_parameter != null">
      <include refid="Example_Where_Clause" />
    </if>
    <if test="orderByClause != null">
      order by ${orderByClause}
    </if>
  </select>
  <select id="selectByPrimaryKey" parameterType="java.lang.Integer" resultMap="BaseResultMap">
    select 
    <include refid="Base_Column_List" />
    from cskaoyan_mall_feedback
    where id = #{id,jdbcType=INTEGER}
  </select>
  <delete id="deleteByPrimaryKey" parameterType="java.lang.Integer">
    delete from cskaoyan_mall_feedback
    where id = #{id,jdbcType=INTEGER}
  </delete>
  <delete id="deleteByExample" parameterType="cn.neepi.project2.model.FeedbackExample">
    delete from cskaoyan_mall_feedback
    <if test="_parameter != null">
      <include refid="Example_Where_Clause" />
    </if>
  </delete>
  <insert id="insert" parameterType="cn.neepi.project2.model.Feedback">
    insert into cskaoyan_mall_feedback (id, user_id, username, 
      mobile, feed_type, content, 
      status, has_picture, pic_urls, 
      add_time, update_time, deleted
      )
    values (#{id,jdbcType=INTEGER}, #{userId,jdbcType=INTEGER}, #{username,jdbcType=VARCHAR}, 
      #{mobile,jdbcType=VARCHAR}, #{feedType,jdbcType=VARCHAR}, #{content,jdbcType=VARCHAR}, 
      #{status,jdbcType=INTEGER}, #{hasPicture,jdbcType=BIT}, #{picUrls,jdbcType=VARCHAR}, 
      #{addTime,jdbcType=TIMESTAMP}, #{updateTime,jdbcType=TIMESTAMP}, #{deleted,jdbcType=BIT}
      )
  </insert>
  <insert id="insertSelective" parameterType="cn.neepi.project2.model.Feedback">
    insert into cskaoyan_mall_feedback
    <trim prefix="(" suffix=")" suffixOverrides=",">
      <if test="id != null">
        id,
      </if>
      <if test="userId != null">
        user_id,
      </if>
      <if test="username != null">
        username,
      </if>
      <if test="mobile != null">
        mobile,
      </if>
      <if test="feedType != null">
        feed_type,
      </if>
      <if test="content != null">
        content,
      </if>
      <if test="status != null">
        status,
      </if>
      <if test="hasPicture != null">
        has_picture,
      </if>
      <if test="picUrls != null">
        pic_urls,
      </if>
      <if test="addTime != null">
        add_time,
      </if>
      <if test="updateTime != null">
        update_time,
      </if>
      <if test="deleted != null">
        deleted,
      </if>
    </trim>
    <trim prefix="values (" suffix=")" suffixOverrides=",">
      <if test="id != null">
        #{id,jdbcType=INTEGER},
      </if>
      <if test="userId != null">
        #{userId,jdbcType=INTEGER},
      </if>
      <if test="username != null">
        #{username,jdbcType=VARCHAR},
      </if>
      <if test="mobile != null">
        #{mobile,jdbcType=VARCHAR},
      </if>
      <if test="feedType != null">
        #{feedType,jdbcType=VARCHAR},
      </if>
      <if test="content != null">
        #{content,jdbcType=VARCHAR},
      </if>
      <if test="status != null">
        #{status,jdbcType=INTEGER},
      </if>
      <if test="hasPicture != null">
        #{hasPicture,jdbcType=BIT},
      </if>
      <if test="picUrls != null">
        #{picUrls,jdbcType=VARCHAR},
      </if>
      <if test="addTime != null">
        #{addTime,jdbcType=TIMESTAMP},
      </if>
      <if test="updateTime != null">
        #{updateTime,jdbcType=TIMESTAMP},
      </if>
      <if test="deleted != null">
        #{deleted,jdbcType=BIT},
      </if>
    </trim>
  </insert>
  <select id="countByExample" parameterType="cn.neepi.project2.model.FeedbackExample" resultType="java.lang.Long">
    select count(*) from cskaoyan_mall_feedback
    <if test="_parameter != null">
      <include refid="Example_Where_Clause" />
    </if>
  </select>
  <update id="updateByExampleSelective" parameterType="map">
    update cskaoyan_mall_feedback
    <set>
      <if test="record.id != null">
        id = #{record.id,jdbcType=INTEGER},
      </if>
      <if test="record.userId != null">
        user_id = #{record.userId,jdbcType=INTEGER},
      </if>
      <if test="record.username != null">
        username = #{record.username,jdbcType=VARCHAR},
      </if>
      <if test="record.mobile != null">
        mobile = #{record.mobile,jdbcType=VARCHAR},
      </if>
      <if test="record.feedType != null">
        feed_type = #{record.feedType,jdbcType=VARCHAR},
      </if>
      <if test="record.content != null">
        content = #{record.content,jdbcType=VARCHAR},
      </if>
      <if test="record.status != null">
        status = #{record.status,jdbcType=INTEGER},
      </if>
      <if test="record.hasPicture != null">
        has_picture = #{record.hasPicture,jdbcType=BIT},
      </if>
      <if test="record.picUrls != null">
        pic_urls = #{record.picUrls,jdbcType=VARCHAR},
      </if>
      <if test="record.addTime != null">
        add_time = #{record.addTime,jdbcType=TIMESTAMP},
      </if>
      <if test="record.updateTime != null">
        update_time = #{record.updateTime,jdbcType=TIMESTAMP},
      </if>
      <if test="record.deleted != null">
        deleted = #{record.deleted,jdbcType=BIT},
      </if>
    </set>
    <if test="_parameter != null">
      <include refid="Update_By_Example_Where_Clause" />
    </if>
  </update>
  <update id="updateByExample" parameterType="map">
    update cskaoyan_mall_feedback
    set id = #{record.id,jdbcType=INTEGER},
      user_id = #{record.userId,jdbcType=INTEGER},
      username = #{record.username,jdbcType=VARCHAR},
      mobile = #{record.mobile,jdbcType=VARCHAR},
      feed_type = #{record.feedType,jdbcType=VARCHAR},
      content = #{record.content,jdbcType=VARCHAR},
      status = #{record.status,jdbcType=INTEGER},
      has_picture = #{record.hasPicture,jdbcType=BIT},
      pic_urls = #{record.picUrls,jdbcType=VARCHAR},
      add_time = #{record.addTime,jdbcType=TIMESTAMP},
      update_time = #{record.updateTime,jdbcType=TIMESTAMP},
      deleted = #{record.deleted,jdbcType=BIT}
    <if test="_parameter != null">
      <include refid="Update_By_Example_Where_Clause" />
    </if>
  </update>
  <update id="updateByPrimaryKeySelective" parameterType="cn.neepi.project2.model.Feedback">
    update cskaoyan_mall_feedback
    <set>
      <if test="userId != null">
        user_id = #{userId,jdbcType=INTEGER},
      </if>
      <if test="username != null">
        username = #{username,jdbcType=VARCHAR},
      </if>
      <if test="mobile != null">
        mobile = #{mobile,jdbcType=VARCHAR},
      </if>
      <if test="feedType != null">
        feed_type = #{feedType,jdbcType=VARCHAR},
      </if>
      <if test="content != null">
        content = #{content,jdbcType=VARCHAR},
      </if>
      <if test="status != null">
        status = #{status,jdbcType=INTEGER},
      </if>
      <if test="hasPicture != null">
        has_picture = #{hasPicture,jdbcType=BIT},
      </if>
      <if test="picUrls != null">
        pic_urls = #{picUrls,jdbcType=VARCHAR},
      </if>
      <if test="addTime != null">
        add_time = #{addTime,jdbcType=TIMESTAMP},
      </if>
      <if test="updateTime != null">
        update_time = #{updateTime,jdbcType=TIMESTAMP},
      </if>
      <if test="deleted != null">
        deleted = #{deleted,jdbcType=BIT},
      </if>
    </set>
    where id = #{id,jdbcType=INTEGER}
  </update>
  <update id="updateByPrimaryKey" parameterType="cn.neepi.project2.model.Feedback">
    update cskaoyan_mall_feedback
    set user_id = #{userId,jdbcType=INTEGER},
      username = #{username,jdbcType=VARCHAR},
      mobile = #{mobile,jdbcType=VARCHAR},
      feed_type = #{feedType,jdbcType=VARCHAR},
      content = #{content,jdbcType=VARCHAR},
      status = #{status,jdbcType=INTEGER},
      has_picture = #{hasPicture,jdbcType=BIT},
      pic_urls = #{picUrls,jdbcType=VARCHAR},
      add_time = #{addTime,jdbcType=TIMESTAMP},
      update_time = #{updateTime,jdbcType=TIMESTAMP},
      deleted = #{deleted,jdbcType=BIT}
    where id = #{id,jdbcType=INTEGER}
  </update>
</mapper>