<?xml version="1.0" encoding="UTF-8"?>
<!DOCTYPE mapper PUBLIC "-//mybatis.org//DTD Mapper 3.0//EN" "http://mybatis.org/dtd/mybatis-3-mapper.dtd">
<mapper namespace="cn.neepi.project2.mapper.GoodsProductMapper">
    <resultMap id="BaseResultMap" type="cn.neepi.project2.model.GoodsProduct">
        <id column="id" jdbcType="INTEGER" property="id"/>
        <result column="goods_id" jdbcType="INTEGER" property="goodsId"/>
        <result column="specifications" jdbcType="VARCHAR" property="specifications"/>
        <result column="price" jdbcType="DECIMAL" property="price"/>
        <result column="number" jdbcType="INTEGER" property="number"/>
        <result column="url" jdbcType="VARCHAR" property="url"/>
        <result column="add_time" jdbcType="TIMESTAMP" property="addTime"/>
        <result column="update_time" jdbcType="TIMESTAMP" property="updateTime"/>
        <result column="deleted" jdbcType="BIT" property="deleted"/>
    </resultMap>
    <sql id="Example_Where_Clause">
        <where>
            <foreach collection="oredCriteria" item="criteria" separator="or">
                <if test="criteria.valid">
                    <trim prefix="(" prefixOverrides="and" suffix=")">
                        <foreach collection="criteria.criteria" item="criterion">
                            <choose>
                                <when test="criterion.noValue">
                                    and ${criterion.condition}
                                </when>
                                <when test="criterion.singleValue">
                                    and ${criterion.condition} #{criterion.value}
                                </when>
                                <when test="criterion.betweenValue">
                                    and ${criterion.condition} #{criterion.value} and #{criterion.secondValue}
                                </when>
                                <when test="criterion.listValue">
                                    and ${criterion.condition}
                                    <foreach close=")" collection="criterion.value" item="listItem" open="("
                                             separator=",">
                                        #{listItem}
                                    </foreach>
                                </when>
                            </choose>
                        </foreach>
                    </trim>
                </if>
            </foreach>
        </where>
    </sql>
    <sql id="Update_By_Example_Where_Clause">
        <where>
            <foreach collection="example.oredCriteria" item="criteria" separator="or">
                <if test="criteria.valid">
                    <trim prefix="(" prefixOverrides="and" suffix=")">
                        <foreach collection="criteria.criteria" item="criterion">
                            <choose>
                                <when test="criterion.noValue">
                                    and ${criterion.condition}
                                </when>
                                <when test="criterion.singleValue">
                                    and ${criterion.condition} #{criterion.value}
                                </when>
                                <when test="criterion.betweenValue">
                                    and ${criterion.condition} #{criterion.value} and #{criterion.secondValue}
                                </when>
                                <when test="criterion.listValue">
                                    and ${criterion.condition}
                                    <foreach close=")" collection="criterion.value" item="listItem" open="("
                                             separator=",">
                                        #{listItem}
                                    </foreach>
                                </when>
                            </choose>
                        </foreach>
                    </trim>
                </if>
            </foreach>
        </where>
    </sql>
    <sql id="Base_Column_List">
    id, goods_id, specifications, price, number, url, add_time, update_time, deleted
  </sql>
    <select id="selectByExample" parameterType="cn.neepi.project2.model.GoodsProductExample" resultMap="BaseResultMap">
        select
        <if test="distinct">
            distinct
        </if>
        <include refid="Base_Column_List"/>
        from cskaoyan_mall_goods_product
        <if test="_parameter != null">
            <include refid="Example_Where_Clause"/>
        </if>
        <if test="orderByClause != null">
            order by ${orderByClause}
        </if>
    </select>
    <select id="selectByPrimaryKey" parameterType="java.lang.Integer" resultMap="BaseResultMap">
        select
        <include refid="Base_Column_List"/>
        from cskaoyan_mall_goods_product
        where id = #{id,jdbcType=INTEGER}
    </select>
    <delete id="deleteByPrimaryKey" parameterType="java.lang.Integer">
    delete from cskaoyan_mall_goods_product
    where id = #{id,jdbcType=INTEGER}
  </delete>
    <delete id="deleteByExample" parameterType="cn.neepi.project2.model.GoodsProductExample">
        delete from cskaoyan_mall_goods_product
        <if test="_parameter != null">
            <include refid="Example_Where_Clause"/>
        </if>
    </delete>
    <insert id="insert" parameterType="cn.neepi.project2.model.GoodsProduct">
    insert into cskaoyan_mall_goods_product (id, goods_id, specifications,
      price, number, url,
      add_time, update_time, deleted
      )
    values (#{id,jdbcType=INTEGER}, #{goodsId,jdbcType=INTEGER}, #{specifications,jdbcType=VARCHAR},
      #{price,jdbcType=DECIMAL}, #{number,jdbcType=INTEGER}, #{url,jdbcType=VARCHAR},
      #{addTime,jdbcType=TIMESTAMP}, #{updateTime,jdbcType=TIMESTAMP}, #{deleted,jdbcType=BIT}
      )
  </insert>
    <insert id="insertSelective" parameterType="cn.neepi.project2.model.GoodsProduct">
        insert into cskaoyan_mall_goods_product
        <trim prefix="(" suffix=")" suffixOverrides=",">
            <if test="id != null">
                id,
            </if>
            <if test="goodsId != null">
                goods_id,
            </if>
            <if test="specifications != null">
                specifications,
            </if>
            <if test="price != null">
                price,
            </if>
            <if test="number != null">
                number,
            </if>
            <if test="url != null">
                url,
            </if>
            <if test="addTime != null">
                add_time,
            </if>
            <if test="updateTime != null">
                update_time,
            </if>
            <if test="deleted != null">
                deleted,
            </if>
        </trim>
        <trim prefix="values (" suffix=")" suffixOverrides=",">
            <if test="id != null">
                #{id,jdbcType=INTEGER},
            </if>
            <if test="goodsId != null">
                #{goodsId,jdbcType=INTEGER},
            </if>
            <if test="specifications != null">
                #{specifications,jdbcType=VARCHAR},
            </if>
            <if test="price != null">
                #{price,jdbcType=DECIMAL},
            </if>
            <if test="number != null">
                #{number,jdbcType=INTEGER},
            </if>
            <if test="url != null">
                #{url,jdbcType=VARCHAR},
            </if>
            <if test="addTime != null">
                #{addTime,jdbcType=TIMESTAMP},
            </if>
            <if test="updateTime != null">
                #{updateTime,jdbcType=TIMESTAMP},
            </if>
            <if test="deleted != null">
                #{deleted,jdbcType=BIT},
            </if>
        </trim>
    </insert>
    <select id="countByExample" parameterType="cn.neepi.project2.model.GoodsProductExample" resultType="java.lang.Long">
        select count(*) from cskaoyan_mall_goods_product
        <if test="_parameter != null">
            <include refid="Example_Where_Clause"/>
        </if>
    </select>
    <update id="updateByExampleSelective" parameterType="map">
        update cskaoyan_mall_goods_product
        <set>
            <if test="record.id != null">
                id = #{record.id,jdbcType=INTEGER},
            </if>
            <if test="record.goodsId != null">
                goods_id = #{record.goodsId,jdbcType=INTEGER},
            </if>
            <if test="record.specifications != null">
                specifications = #{record.specifications,jdbcType=VARCHAR},
            </if>
            <if test="record.price != null">
                price = #{record.price,jdbcType=DECIMAL},
            </if>
            <if test="record.number != null">
                number = #{record.number,jdbcType=INTEGER},
            </if>
            <if test="record.url != null">
                url = #{record.url,jdbcType=VARCHAR},
            </if>
            <if test="record.addTime != null">
                add_time = #{record.addTime,jdbcType=TIMESTAMP},
            </if>
            <if test="record.updateTime != null">
                update_time = #{record.updateTime,jdbcType=TIMESTAMP},
            </if>
            <if test="record.deleted != null">
                deleted = #{record.deleted,jdbcType=BIT},
            </if>
        </set>
        <if test="_parameter != null">
            <include refid="Update_By_Example_Where_Clause"/>
        </if>
    </update>
    <update id="updateByExample" parameterType="map">
        update cskaoyan_mall_goods_product
        set id = #{record.id,jdbcType=INTEGER},
        goods_id = #{record.goodsId,jdbcType=INTEGER},
        specifications = #{record.specifications,jdbcType=VARCHAR},
        price = #{record.price,jdbcType=DECIMAL},
        number = #{record.number,jdbcType=INTEGER},
        url = #{record.url,jdbcType=VARCHAR},
        add_time = #{record.addTime,jdbcType=TIMESTAMP},
        update_time = #{record.updateTime,jdbcType=TIMESTAMP},
        deleted = #{record.deleted,jdbcType=BIT}
        <if test="_parameter != null">
            <include refid="Update_By_Example_Where_Clause"/>
        </if>
    </update>
    <update id="updateByPrimaryKeySelective" parameterType="cn.neepi.project2.model.GoodsProduct">
        update cskaoyan_mall_goods_product
        <set>
            <if test="goodsId != null">
                goods_id = #{goodsId,jdbcType=INTEGER},
            </if>
            <if test="specifications != null">
                specifications = #{specifications,jdbcType=VARCHAR},
            </if>
            <if test="price != null">
                price = #{price,jdbcType=DECIMAL},
            </if>
            <if test="number != null">
                number = #{number,jdbcType=INTEGER},
            </if>
            <if test="url != null">
                url = #{url,jdbcType=VARCHAR},
            </if>
            <if test="addTime != null">
                add_time = #{addTime,jdbcType=TIMESTAMP},
            </if>
            <if test="updateTime != null">
                update_time = #{updateTime,jdbcType=TIMESTAMP},
            </if>
            <if test="deleted != null">
                deleted = #{deleted,jdbcType=BIT},
            </if>
        </set>
        where id = #{id,jdbcType=INTEGER}
    </update>
    <update id="updateByPrimaryKey" parameterType="cn.neepi.project2.model.GoodsProduct">
    update cskaoyan_mall_goods_product
    set goods_id = #{goodsId,jdbcType=INTEGER},
      specifications = #{specifications,jdbcType=VARCHAR},
      price = #{price,jdbcType=DECIMAL},
      number = #{number,jdbcType=INTEGER},
      url = #{url,jdbcType=VARCHAR},
      add_time = #{addTime,jdbcType=TIMESTAMP},
      update_time = #{updateTime,jdbcType=TIMESTAMP},
      deleted = #{deleted,jdbcType=BIT}
    where id = #{id,jdbcType=INTEGER}
  </update>
    <insert id="insertByProductMap">
      insert into cskaoyan_mall_goods_product (goods_id, specifications,
      price, number, url,
      add_time,deleted
      )
      values (#{goodsId},
      #{product.specifications},
      #{product.price},
      #{product.number},
      #{product.url},
      #{addTime},
      0)
    </insert>

    <select id="countByProductsLeftJoninOrderGoods" resultType="long">
        select count(gp.id) from cskaoyan_mall_goods_product gp left join
        cskaoyan_mall_order_goods og on gp.id = og.product_id where order_id =
        #{orderId} and gp.number > og.number
    </select>

    <update id="updateSotckByProductId">
    update cskaoyan_mall_goods_product set number = number - #{number} where id = #{productId}
  </update>
</mapper>
