<?xml version="1.0" encoding="UTF-8"?>
<!DOCTYPE mapper PUBLIC "-//mybatis.org//DTD Mapper 3.0//EN" "http://mybatis.org/dtd/mybatis-3-mapper.dtd">
<mapper namespace="cn.neepi.project2.mapper.OrderGoodsMapper">
    <resultMap id="BaseResultMap" type="cn.neepi.project2.model.OrderGoods">
        <id column="id" jdbcType="INTEGER" property="id"/>
        <result column="order_id" jdbcType="INTEGER" property="orderId"/>
        <result column="goods_id" jdbcType="INTEGER" property="goodsId"/>
        <result column="goods_name" jdbcType="VARCHAR" property="goodsName"/>
        <result column="goods_sn" jdbcType="VARCHAR" property="goodsSn"/>
        <result column="product_id" jdbcType="INTEGER" property="productId"/>
        <result column="number" jdbcType="SMALLINT" property="number"/>
        <result column="price" jdbcType="DECIMAL" property="price"/>
        <result column="specifications" jdbcType="VARCHAR" property="specifications"/>
        <result column="pic_url" jdbcType="VARCHAR" property="picUrl"/>
        <result column="comment" jdbcType="INTEGER" property="comment"/>
        <result column="add_time" jdbcType="TIMESTAMP" property="addTime"/>
        <result column="update_time" jdbcType="TIMESTAMP" property="updateTime"/>
        <result column="deleted" jdbcType="BIT" property="deleted"/>
    </resultMap>
    <sql id="Example_Where_Clause">
        <where>
            <foreach collection="oredCriteria" item="criteria" separator="or">
                <if test="criteria.valid">
                    <trim prefix="(" prefixOverrides="and" suffix=")">
                        <foreach collection="criteria.criteria" item="criterion">
                            <choose>
                                <when test="criterion.noValue">
                                    and ${criterion.condition}
                                </when>
                                <when test="criterion.singleValue">
                                    and ${criterion.condition} #{criterion.value}
                                </when>
                                <when test="criterion.betweenValue">
                                    and ${criterion.condition} #{criterion.value} and #{criterion.secondValue}
                                </when>
                                <when test="criterion.listValue">
                                    and ${criterion.condition}
                                    <foreach close=")" collection="criterion.value" item="listItem" open="("
                                             separator=",">
                                        #{listItem}
                                    </foreach>
                                </when>
                            </choose>
                        </foreach>
                    </trim>
                </if>
            </foreach>
        </where>
    </sql>
    <sql id="Update_By_Example_Where_Clause">
        <where>
            <foreach collection="example.oredCriteria" item="criteria" separator="or">
                <if test="criteria.valid">
                    <trim prefix="(" prefixOverrides="and" suffix=")">
                        <foreach collection="criteria.criteria" item="criterion">
                            <choose>
                                <when test="criterion.noValue">
                                    and ${criterion.condition}
                                </when>
                                <when test="criterion.singleValue">
                                    and ${criterion.condition} #{criterion.value}
                                </when>
                                <when test="criterion.betweenValue">
                                    and ${criterion.condition} #{criterion.value} and #{criterion.secondValue}
                                </when>
                                <when test="criterion.listValue">
                                    and ${criterion.condition}
                                    <foreach close=")" collection="criterion.value" item="listItem" open="("
                                             separator=",">
                                        #{listItem}
                                    </foreach>
                                </when>
                            </choose>
                        </foreach>
                    </trim>
                </if>
            </foreach>
        </where>
    </sql>
    <sql id="Base_Column_List">
    id, order_id, goods_id, goods_name, goods_sn, product_id, number, price, specifications,
    pic_url, comment, add_time, update_time, deleted
  </sql>
    <select id="selectByExample" parameterType="cn.neepi.project2.model.OrderGoodsExample" resultMap="BaseResultMap">
        select
        <if test="distinct">
            distinct
        </if>
        <include refid="Base_Column_List"/>
        from cskaoyan_mall_order_goods
        <if test="_parameter != null">
            <include refid="Example_Where_Clause"/>
        </if>
        <if test="orderByClause != null">
            order by ${orderByClause}
        </if>
    </select>
    <select id="selectByPrimaryKey" parameterType="java.lang.Integer" resultMap="BaseResultMap">
        select
        <include refid="Base_Column_List"/>
        from cskaoyan_mall_order_goods
        where id = #{id,jdbcType=INTEGER}
    </select>
    <delete id="deleteByPrimaryKey" parameterType="java.lang.Integer">
    delete from cskaoyan_mall_order_goods
    where id = #{id,jdbcType=INTEGER}
  </delete>
    <delete id="deleteByExample" parameterType="cn.neepi.project2.model.OrderGoodsExample">
        delete from cskaoyan_mall_order_goods
        <if test="_parameter != null">
            <include refid="Example_Where_Clause"/>
        </if>
    </delete>
    <insert id="insert" parameterType="cn.neepi.project2.model.OrderGoods">
    insert into cskaoyan_mall_order_goods (id, order_id, goods_id,
      goods_name, goods_sn, product_id,
      number, price, specifications,
      pic_url, comment, add_time,
      update_time, deleted)
    values (#{id,jdbcType=INTEGER}, #{orderId,jdbcType=INTEGER}, #{goodsId,jdbcType=INTEGER},
      #{goodsName,jdbcType=VARCHAR}, #{goodsSn,jdbcType=VARCHAR}, #{productId,jdbcType=INTEGER},
      #{number,jdbcType=SMALLINT}, #{price,jdbcType=DECIMAL}, #{specifications,jdbcType=VARCHAR},
      #{picUrl,jdbcType=VARCHAR}, #{comment,jdbcType=INTEGER}, #{addTime,jdbcType=TIMESTAMP},
      #{updateTime,jdbcType=TIMESTAMP}, #{deleted,jdbcType=BIT})
  </insert>
    <insert id="insertSelective" parameterType="cn.neepi.project2.model.OrderGoods">
        insert into cskaoyan_mall_order_goods
        <trim prefix="(" suffix=")" suffixOverrides=",">
            <if test="id != null">
                id,
            </if>
            <if test="orderId != null">
                order_id,
            </if>
            <if test="goodsId != null">
                goods_id,
            </if>
            <if test="goodsName != null">
                goods_name,
            </if>
            <if test="goodsSn != null">
                goods_sn,
            </if>
            <if test="productId != null">
                product_id,
            </if>
            <if test="number != null">
                number,
            </if>
            <if test="price != null">
                price,
            </if>
            <if test="specifications != null">
                specifications,
            </if>
            <if test="picUrl != null">
                pic_url,
            </if>
            <if test="comment != null">
                comment,
            </if>
            <if test="addTime != null">
                add_time,
            </if>
            <if test="updateTime != null">
                update_time,
            </if>
            <if test="deleted != null">
                deleted,
            </if>
        </trim>
        <trim prefix="values (" suffix=")" suffixOverrides=",">
            <if test="id != null">
                #{id,jdbcType=INTEGER},
            </if>
            <if test="orderId != null">
                #{orderId,jdbcType=INTEGER},
            </if>
            <if test="goodsId != null">
                #{goodsId,jdbcType=INTEGER},
            </if>
            <if test="goodsName != null">
                #{goodsName,jdbcType=VARCHAR},
            </if>
            <if test="goodsSn != null">
                #{goodsSn,jdbcType=VARCHAR},
            </if>
            <if test="productId != null">
                #{productId,jdbcType=INTEGER},
            </if>
            <if test="number != null">
                #{number,jdbcType=SMALLINT},
            </if>
            <if test="price != null">
                #{price,jdbcType=DECIMAL},
            </if>
            <if test="specifications != null">
                #{specifications,jdbcType=VARCHAR},
            </if>
            <if test="picUrl != null">
                #{picUrl,jdbcType=VARCHAR},
            </if>
            <if test="comment != null">
                #{comment,jdbcType=INTEGER},
            </if>
            <if test="addTime != null">
                #{addTime,jdbcType=TIMESTAMP},
            </if>
            <if test="updateTime != null">
                #{updateTime,jdbcType=TIMESTAMP},
            </if>
            <if test="deleted != null">
                #{deleted,jdbcType=BIT},
            </if>
        </trim>
    </insert>
    <select id="countByExample" parameterType="cn.neepi.project2.model.OrderGoodsExample" resultType="java.lang.Long">
        select count(*) from cskaoyan_mall_order_goods
        <if test="_parameter != null">
            <include refid="Example_Where_Clause"/>
        </if>
    </select>
    <update id="updateByExampleSelective" parameterType="map">
        update cskaoyan_mall_order_goods
        <set>
            <if test="record.id != null">
                id = #{record.id,jdbcType=INTEGER},
            </if>
            <if test="record.orderId != null">
                order_id = #{record.orderId,jdbcType=INTEGER},
            </if>
            <if test="record.goodsId != null">
                goods_id = #{record.goodsId,jdbcType=INTEGER},
            </if>
            <if test="record.goodsName != null">
                goods_name = #{record.goodsName,jdbcType=VARCHAR},
            </if>
            <if test="record.goodsSn != null">
                goods_sn = #{record.goodsSn,jdbcType=VARCHAR},
            </if>
            <if test="record.productId != null">
                product_id = #{record.productId,jdbcType=INTEGER},
            </if>
            <if test="record.number != null">
                number = #{record.number,jdbcType=SMALLINT},
            </if>
            <if test="record.price != null">
                price = #{record.price,jdbcType=DECIMAL},
            </if>
            <if test="record.specifications != null">
                specifications = #{record.specifications,jdbcType=VARCHAR},
            </if>
            <if test="record.picUrl != null">
                pic_url = #{record.picUrl,jdbcType=VARCHAR},
            </if>
            <if test="record.comment != null">
                comment = #{record.comment,jdbcType=INTEGER},
            </if>
            <if test="record.addTime != null">
                add_time = #{record.addTime,jdbcType=TIMESTAMP},
            </if>
            <if test="record.updateTime != null">
                update_time = #{record.updateTime,jdbcType=TIMESTAMP},
            </if>
            <if test="record.deleted != null">
                deleted = #{record.deleted,jdbcType=BIT},
            </if>
        </set>
        <if test="_parameter != null">
            <include refid="Update_By_Example_Where_Clause"/>
        </if>
    </update>
    <update id="updateByExample" parameterType="map">
        update cskaoyan_mall_order_goods
        set id = #{record.id,jdbcType=INTEGER},
        order_id = #{record.orderId,jdbcType=INTEGER},
        goods_id = #{record.goodsId,jdbcType=INTEGER},
        goods_name = #{record.goodsName,jdbcType=VARCHAR},
        goods_sn = #{record.goodsSn,jdbcType=VARCHAR},
        product_id = #{record.productId,jdbcType=INTEGER},
        number = #{record.number,jdbcType=SMALLINT},
        price = #{record.price,jdbcType=DECIMAL},
        specifications = #{record.specifications,jdbcType=VARCHAR},
        pic_url = #{record.picUrl,jdbcType=VARCHAR},
        comment = #{record.comment,jdbcType=INTEGER},
        add_time = #{record.addTime,jdbcType=TIMESTAMP},
        update_time = #{record.updateTime,jdbcType=TIMESTAMP},
        deleted = #{record.deleted,jdbcType=BIT}
        <if test="_parameter != null">
            <include refid="Update_By_Example_Where_Clause"/>
        </if>
    </update>
    <update id="updateByPrimaryKeySelective" parameterType="cn.neepi.project2.model.OrderGoods">
        update cskaoyan_mall_order_goods
        <set>
            <if test="orderId != null">
                order_id = #{orderId,jdbcType=INTEGER},
            </if>
            <if test="goodsId != null">
                goods_id = #{goodsId,jdbcType=INTEGER},
            </if>
            <if test="goodsName != null">
                goods_name = #{goodsName,jdbcType=VARCHAR},
            </if>
            <if test="goodsSn != null">
                goods_sn = #{goodsSn,jdbcType=VARCHAR},
            </if>
            <if test="productId != null">
                product_id = #{productId,jdbcType=INTEGER},
            </if>
            <if test="number != null">
                number = #{number,jdbcType=SMALLINT},
            </if>
            <if test="price != null">
                price = #{price,jdbcType=DECIMAL},
            </if>
            <if test="specifications != null">
                specifications = #{specifications,jdbcType=VARCHAR},
            </if>
            <if test="picUrl != null">
                pic_url = #{picUrl,jdbcType=VARCHAR},
            </if>
            <if test="comment != null">
                comment = #{comment,jdbcType=INTEGER},
            </if>
            <if test="addTime != null">
                add_time = #{addTime,jdbcType=TIMESTAMP},
            </if>
            <if test="updateTime != null">
                update_time = #{updateTime,jdbcType=TIMESTAMP},
            </if>
            <if test="deleted != null">
                deleted = #{deleted,jdbcType=BIT},
            </if>
        </set>
        where id = #{id,jdbcType=INTEGER}
    </update>
    <update id="updateByPrimaryKey" parameterType="cn.neepi.project2.model.OrderGoods">
    update cskaoyan_mall_order_goods
    set order_id = #{orderId,jdbcType=INTEGER},
      goods_id = #{goodsId,jdbcType=INTEGER},
      goods_name = #{goodsName,jdbcType=VARCHAR},
      goods_sn = #{goodsSn,jdbcType=VARCHAR},
      product_id = #{productId,jdbcType=INTEGER},
      number = #{number,jdbcType=SMALLINT},
      price = #{price,jdbcType=DECIMAL},
      specifications = #{specifications,jdbcType=VARCHAR},
      pic_url = #{picUrl,jdbcType=VARCHAR},
      comment = #{comment,jdbcType=INTEGER},
      add_time = #{addTime,jdbcType=TIMESTAMP},
      update_time = #{updateTime,jdbcType=TIMESTAMP},
      deleted = #{deleted,jdbcType=BIT}
    where id = #{id,jdbcType=INTEGER}
  </update>


    <select id="queryOrderGoodsStatInfo" resultType="cn.neepi.project2.model.responseModel.OrderGoodStatInfo">
      select sum(number * price) as amount, count(*) as orders,
          date_format(add_time, '%Y-%m-%d') as day, sum(number) as products
          from cskaoyan_mall_order_goods
          group by date_format(add_time, '%Y-%m-%d')
    </select>

    <select id="selectByOrderId" resultType="cn.neepi.project2.model.OrderGoods">
        select * from cskaoyan_mall_order_goods
        where order_id=#{orderId}
    </select>

    <select id="queryOrderGoods"  resultType="cn.neepi.project2.model.OrderGoods">
        select * from cskaoyan_mall_order_goods
        where order_id = #{orderId} and goods_id = #{goodsId}
    </select>

    <select id="queryGoodsIdByOrderGoodsId" resultType="int">
        select goods_id from cskaoyan_mall_order_goods where id = #{orderGoodsId}
    </select>

    <select id="queryOrderIdByOrderGoodsId" resultType="int">
        select order_id from cskaoyan_mall_order_goods where id = #{orderGoodsId}
    </select>

    <insert id="submitOrderGoods">
        insert into cskaoyan_mall_order_goods (order_id,goods_id,goods_name,goods_sn,product_id,`number`,price,specifications,pic_url,add_time,update_time,deleted) values
        (
        #{orderGoods.orderId},
        #{orderGoods.goodsId},
        #{orderGoods.goodsName},
        #{orderGoods.goodsSn},
        #{orderGoods.productId},
        #{orderGoods.number},
        #{orderGoods.price},
        #{orderGoods.specifications},
        #{orderGoods.picUrl},
        #{orderGoods.addTime},
        #{orderGoods.updateTime},
        #{orderGoods.deleted}
        )
    </insert>
</mapper>
