<?xml version="1.0" encoding="UTF-8"?>
<!DOCTYPE mapper PUBLIC "-//mybatis.org//DTD Mapper 3.0//EN" "http://mybatis.org/dtd/mybatis-3-mapper.dtd">
<mapper namespace="cn.neepi.project2.mapper.RegionMapper">
  <cache/>
  <resultMap id="BaseResultMap" type="cn.neepi.project2.model.ShoppingMallModel.Region">
    <id column="id" jdbcType="INTEGER" property="id" />
    <result column="pid" jdbcType="INTEGER" property="pid" />
    <result column="name" jdbcType="VARCHAR" property="name" />
    <result column="type" jdbcType="TINYINT" property="type" />
    <result column="code" jdbcType="INTEGER" property="code" />
  </resultMap>
  <sql id="Example_Where_Clause">
    <where>
      <foreach collection="oredCriteria" item="criteria" separator="or">
        <if test="criteria.valid">
          <trim prefix="(" prefixOverrides="and" suffix=")">
            <foreach collection="criteria.criteria" item="criterion">
              <choose>
                <when test="criterion.noValue">
                  and ${criterion.condition}
                </when>
                <when test="criterion.singleValue">
                  and ${criterion.condition} #{criterion.value}
                </when>
                <when test="criterion.betweenValue">
                  and ${criterion.condition} #{criterion.value} and #{criterion.secondValue}
                </when>
                <when test="criterion.listValue">
                  and ${criterion.condition}
                  <foreach close=")" collection="criterion.value" item="listItem" open="(" separator=",">
                    #{listItem}
                  </foreach>
                </when>
              </choose>
            </foreach>
          </trim>
        </if>
      </foreach>
    </where>
  </sql>
  <sql id="Update_By_Example_Where_Clause">
    <where>
      <foreach collection="example.oredCriteria" item="criteria" separator="or">
        <if test="criteria.valid">
          <trim prefix="(" prefixOverrides="and" suffix=")">
            <foreach collection="criteria.criteria" item="criterion">
              <choose>
                <when test="criterion.noValue">
                  and ${criterion.condition}
                </when>
                <when test="criterion.singleValue">
                  and ${criterion.condition} #{criterion.value}
                </when>
                <when test="criterion.betweenValue">
                  and ${criterion.condition} #{criterion.value} and #{criterion.secondValue}
                </when>
                <when test="criterion.listValue">
                  and ${criterion.condition}
                  <foreach close=")" collection="criterion.value" item="listItem" open="(" separator=",">
                    #{listItem}
                  </foreach>
                </when>
              </choose>
            </foreach>
          </trim>
        </if>
      </foreach>
    </where>
  </sql>
  <sql id="Base_Column_List">
    id, pid, name, type, code
  </sql>
  <select id="selectByExample" parameterType="cn.neepi.project2.model.ShoppingMallModel.RegionExample" resultMap="BaseResultMap">
    select
    <if test="distinct">
      distinct
    </if>
    <include refid="Base_Column_List" />
    from cskaoyan_mall_region
    <if test="_parameter != null">
      <include refid="Example_Where_Clause" />
    </if>
    <if test="orderByClause != null">
      order by ${orderByClause}
    </if>
  </select>
  <select id="selectByPrimaryKey" parameterType="java.lang.Integer" resultMap="BaseResultMap">
    select
    <include refid="Base_Column_List" />
    from cskaoyan_mall_region
    where id = #{id,jdbcType=INTEGER}
  </select>
  <delete id="deleteByPrimaryKey" parameterType="java.lang.Integer">
    delete from cskaoyan_mall_region
    where id = #{id,jdbcType=INTEGER}
  </delete>
  <delete id="deleteByExample" parameterType="cn.neepi.project2.model.ShoppingMallModel.RegionExample">
    delete from cskaoyan_mall_region
    <if test="_parameter != null">
      <include refid="Example_Where_Clause" />
    </if>
  </delete>
  <insert id="insert" parameterType="cn.neepi.project2.model.ShoppingMallModel.Region">
    insert into cskaoyan_mall_region (id, pid, name,
      type, code)
    values (#{id,jdbcType=INTEGER}, #{pid,jdbcType=INTEGER}, #{name,jdbcType=VARCHAR},
      #{type,jdbcType=TINYINT}, #{code,jdbcType=INTEGER})
  </insert>
  <insert id="insertSelective" parameterType="cn.neepi.project2.model.ShoppingMallModel.Region">
    insert into cskaoyan_mall_region
    <trim prefix="(" suffix=")" suffixOverrides=",">
      <if test="id != null">
        id,
      </if>
      <if test="pid != null">
        pid,
      </if>
      <if test="name != null">
        name,
      </if>
      <if test="type != null">
        type,
      </if>
      <if test="code != null">
        code,
      </if>
    </trim>
    <trim prefix="values (" suffix=")" suffixOverrides=",">
      <if test="id != null">
        #{id,jdbcType=INTEGER},
      </if>
      <if test="pid != null">
        #{pid,jdbcType=INTEGER},
      </if>
      <if test="name != null">
        #{name,jdbcType=VARCHAR},
      </if>
      <if test="type != null">
        #{type,jdbcType=TINYINT},
      </if>
      <if test="code != null">
        #{code,jdbcType=INTEGER},
      </if>
    </trim>
  </insert>
  <select id="countByExample" parameterType="cn.neepi.project2.model.ShoppingMallModel.RegionExample" resultType="java.lang.Long">
    select count(*) from cskaoyan_mall_region
    <if test="_parameter != null">
      <include refid="Example_Where_Clause" />
    </if>
  </select>
  <update id="updateByExampleSelective" parameterType="map">
    update cskaoyan_mall_region
    <set>
      <if test="record.id != null">
        id = #{record.id,jdbcType=INTEGER},
      </if>
      <if test="record.pid != null">
        pid = #{record.pid,jdbcType=INTEGER},
      </if>
      <if test="record.name != null">
        name = #{record.name,jdbcType=VARCHAR},
      </if>
      <if test="record.type != null">
        type = #{record.type,jdbcType=TINYINT},
      </if>
      <if test="record.code != null">
        code = #{record.code,jdbcType=INTEGER},
      </if>
    </set>
    <if test="_parameter != null">
      <include refid="Update_By_Example_Where_Clause" />
    </if>
  </update>
  <update id="updateByExample" parameterType="map">
    update cskaoyan_mall_region
    set id = #{record.id,jdbcType=INTEGER},
      pid = #{record.pid,jdbcType=INTEGER},
      name = #{record.name,jdbcType=VARCHAR},
      type = #{record.type,jdbcType=TINYINT},
      code = #{record.code,jdbcType=INTEGER}
    <if test="_parameter != null">
      <include refid="Update_By_Example_Where_Clause" />
    </if>
  </update>
  <update id="updateByPrimaryKeySelective" parameterType="cn.neepi.project2.model.ShoppingMallModel.Region">
    update cskaoyan_mall_region
    <set>
      <if test="pid != null">
        pid = #{pid,jdbcType=INTEGER},
      </if>
      <if test="name != null">
        name = #{name,jdbcType=VARCHAR},
      </if>
      <if test="type != null">
        type = #{type,jdbcType=TINYINT},
      </if>
      <if test="code != null">
        code = #{code,jdbcType=INTEGER},
      </if>
    </set>
    where id = #{id,jdbcType=INTEGER}
  </update>
  <update id="updateByPrimaryKey" parameterType="cn.neepi.project2.model.ShoppingMallModel.Region">
    update cskaoyan_mall_region
    set pid = #{pid,jdbcType=INTEGER},
      name = #{name,jdbcType=VARCHAR},
      type = #{type,jdbcType=TINYINT},
      code = #{code,jdbcType=INTEGER}
    where id = #{id,jdbcType=INTEGER}
  </update>

  <resultMap id="BaseResultMapProvince" type="cn.neepi.project2.model.ShoppingMallModel.Region" extends="BaseResultMap">

    <id column="id" jdbcType="INTEGER" property="id" />
    <result column="pid" jdbcType="INTEGER" property="pid" />
    <result column="name" jdbcType="VARCHAR" property="name" />
    <result column="type" jdbcType="TINYINT" property="type" />
    <result column="code" jdbcType="INTEGER" property="code" />
    <collection property="children" ofType="cn.neepi.project2.model.ShoppingMallModel.Region" column="id"
                select="cn.neepi.project2.mapper.RegionMapper.getRegionListCity" javaType="arraylist">
    </collection>
  </resultMap>

  <resultMap id="BaseResultMapArea" type="cn.neepi.project2.model.ShoppingMallModel.Region" extends="BaseResultMap">

    <id column="id" jdbcType="INTEGER" property="id" />
    <result column="pid" jdbcType="INTEGER" property="pid" />
    <result column="name" jdbcType="VARCHAR" property="name" />
    <result column="type" jdbcType="TINYINT" property="type" />
    <result column="code" jdbcType="INTEGER" property="code" />
    <collection property="children" ofType="cn.neepi.project2.model.ShoppingMallModel.Region" column="id"
                select="cn.neepi.project2.mapper.RegionMapper.getRegionListArea" javaType="arraylist">
    </collection>
  </resultMap>

  <select id="getRegionList" resultMap="BaseResultMapProvince">
        select
        <include refid="Base_Column_List"/>
        from cskaoyan_mall_region where pid= #{pid,jdbcType=INTEGER}
  </select>
  <select id="getRegionListCity" resultMap="BaseResultMapArea">
        select
        <include refid="Base_Column_List"/>
        from cskaoyan_mall_region where pid = #{id}

  </select>
  <select id="getRegionListArea" resultMap="BaseResultMap">
    select
    <include refid="Base_Column_List"/>
    from cskaoyan_mall_region where pid = #{id}

  </select>
  <select id="selectLocalNameById" resultType="java.lang.String">
    select name from cskaoyan_mall_region where id = #{id}
  </select>
  <select id="selectRegionByPid" resultType="cn.neepi.project2.model.ShoppingMallModel.Region">
    select id,pid,name,type,code from cskaoyan_mall_region where pid = #{pid}
  </select>
</mapper>
