<?xml version="1.0" encoding="UTF-8"?>
<!DOCTYPE mapper PUBLIC "-//mybatis.org//DTD Mapper 3.0//EN" "http://mybatis.org/dtd/mybatis-3-mapper.dtd">
<mapper namespace="cn.neepi.project2.mapper.UserMapper">
    <resultMap id="BaseResultMap" type="cn.neepi.project2.model.User">
        <id column="id" jdbcType="INTEGER" property="id"/>
        <result column="username" jdbcType="VARCHAR" property="username"/>
        <result column="password" jdbcType="VARCHAR" property="password"/>
        <result column="gender" jdbcType="TINYINT" property="gender"/>
        <result column="birthday" jdbcType="DATE" property="birthday"/>
        <result column="last_login_time" jdbcType="TIMESTAMP" property="lastLoginTime"/>
        <result column="last_login_ip" jdbcType="VARCHAR" property="lastLoginIp"/>
        <result column="user_level" jdbcType="TINYINT" property="userLevel"/>
        <result column="nickname" jdbcType="VARCHAR" property="nickname"/>
        <result column="mobile" jdbcType="VARCHAR" property="mobile"/>
        <result column="avatar" jdbcType="VARCHAR" property="avatar"/>
        <result column="weixin_openid" jdbcType="VARCHAR" property="weixinOpenid"/>
        <result column="status" jdbcType="TINYINT" property="status"/>
        <result column="add_time" jdbcType="TIMESTAMP" property="addTime"/>
        <result column="update_time" jdbcType="TIMESTAMP" property="updateTime"/>
        <result column="deleted" jdbcType="BIT" property="deleted"/>
    </resultMap>
    <sql id="Example_Where_Clause">
        <where>
            <foreach collection="oredCriteria" item="criteria" separator="or">
                <if test="criteria.valid">
                    <trim prefix="(" prefixOverrides="and" suffix=")">
                        <foreach collection="criteria.criteria" item="criterion">
                            <choose>
                                <when test="criterion.noValue">
                                    and ${criterion.condition}
                                </when>
                                <when test="criterion.singleValue">
                                    and ${criterion.condition} #{criterion.value}
                                </when>
                                <when test="criterion.betweenValue">
                                    and ${criterion.condition} #{criterion.value} and #{criterion.secondValue}
                                </when>
                                <when test="criterion.listValue">
                                    and ${criterion.condition}
                                    <foreach close=")" collection="criterion.value" item="listItem" open="("
                                             separator=",">
                                        #{listItem}
                                    </foreach>
                                </when>
                            </choose>
                        </foreach>
                    </trim>
                </if>
            </foreach>
        </where>
    </sql>
    <sql id="Update_By_Example_Where_Clause">
        <where>
            <foreach collection="example.oredCriteria" item="criteria" separator="or">
                <if test="criteria.valid">
                    <trim prefix="(" prefixOverrides="and" suffix=")">
                        <foreach collection="criteria.criteria" item="criterion">
                            <choose>
                                <when test="criterion.noValue">
                                    and ${criterion.condition}
                                </when>
                                <when test="criterion.singleValue">
                                    and ${criterion.condition} #{criterion.value}
                                </when>
                                <when test="criterion.betweenValue">
                                    and ${criterion.condition} #{criterion.value} and #{criterion.secondValue}
                                </when>
                                <when test="criterion.listValue">
                                    and ${criterion.condition}
                                    <foreach close=")" collection="criterion.value" item="listItem" open="("
                                             separator=",">
                                        #{listItem}
                                    </foreach>
                                </when>
                            </choose>
                        </foreach>
                    </trim>
                </if>
            </foreach>
        </where>
    </sql>
    <sql id="Base_Column_List">
    id, username, password, gender, birthday, last_login_time, last_login_ip, user_level,
    nickname, mobile, avatar, weixin_openid, status, add_time, update_time, deleted
  </sql>
    <select id="selectByExample" parameterType="cn.neepi.project2.model.UserExample" resultMap="BaseResultMap">
        select
        <if test="distinct">
            distinct
        </if>
        <include refid="Base_Column_List"/>
        from cskaoyan_mall_user
        <if test="_parameter != null">
            <include refid="Example_Where_Clause"/>
        </if>
        <if test="orderByClause != null">
            order by ${orderByClause}
        </if>
    </select>
    <select id="selectByPrimaryKey" parameterType="java.lang.Integer" resultMap="BaseResultMap">
        select
        <include refid="Base_Column_List"/>
        from cskaoyan_mall_user
        where id = #{id,jdbcType=INTEGER}
    </select>
    <delete id="deleteByPrimaryKey" parameterType="java.lang.Integer">
    delete from cskaoyan_mall_user
    where id = #{id,jdbcType=INTEGER}
  </delete>
    <delete id="deleteByExample" parameterType="cn.neepi.project2.model.UserExample">
        delete from cskaoyan_mall_user
        <if test="_parameter != null">
            <include refid="Example_Where_Clause"/>
        </if>
    </delete>
    <insert id="insert" parameterType="cn.neepi.project2.model.User"
    useGeneratedKeys="true" keyProperty="id">
    insert into cskaoyan_mall_user (id, username, password,
      gender, birthday, last_login_time,
      last_login_ip, user_level, nickname,
      mobile, avatar, weixin_openid,
      status, add_time, update_time,
      deleted)
    values (#{id,jdbcType=INTEGER}, #{username,jdbcType=VARCHAR}, #{password,jdbcType=VARCHAR},
      #{gender,jdbcType=TINYINT}, #{birthday,jdbcType=DATE}, #{lastLoginTime,jdbcType=TIMESTAMP},
      #{lastLoginIp,jdbcType=VARCHAR}, #{userLevel,jdbcType=TINYINT}, #{nickname,jdbcType=VARCHAR},
      #{mobile,jdbcType=VARCHAR}, #{avatar,jdbcType=VARCHAR}, #{weixinOpenid,jdbcType=VARCHAR},
      #{status,jdbcType=TINYINT}, #{addTime,jdbcType=TIMESTAMP}, #{updateTime,jdbcType=TIMESTAMP},
      #{deleted,jdbcType=BIT})
  </insert>
    <insert id="insertSelective" parameterType="cn.neepi.project2.model.User">
        insert into cskaoyan_mall_user
        <trim prefix="(" suffix=")" suffixOverrides=",">
            <if test="id != null">
                id,
            </if>
            <if test="username != null">
                username,
            </if>
            <if test="password != null">
                password,
            </if>
            <if test="gender != null">
                gender,
            </if>
            <if test="birthday != null">
                birthday,
            </if>
            <if test="lastLoginTime != null">
                last_login_time,
            </if>
            <if test="lastLoginIp != null">
                last_login_ip,
            </if>
            <if test="userLevel != null">
                user_level,
            </if>
            <if test="nickname != null">
                nickname,
            </if>
            <if test="mobile != null">
                mobile,
            </if>
            <if test="avatar != null">
                avatar,
            </if>
            <if test="weixinOpenid != null">
                weixin_openid,
            </if>
            <if test="status != null">
                status,
            </if>
            <if test="addTime != null">
                add_time,
            </if>
            <if test="updateTime != null">
                update_time,
            </if>
            <if test="deleted != null">
                deleted,
            </if>
        </trim>
        <trim prefix="values (" suffix=")" suffixOverrides=",">
            <if test="id != null">
                #{id,jdbcType=INTEGER},
            </if>
            <if test="username != null">
                #{username,jdbcType=VARCHAR},
            </if>
            <if test="password != null">
                #{password,jdbcType=VARCHAR},
            </if>
            <if test="gender != null">
                #{gender,jdbcType=TINYINT},
            </if>
            <if test="birthday != null">
                #{birthday,jdbcType=DATE},
            </if>
            <if test="lastLoginTime != null">
                #{lastLoginTime,jdbcType=TIMESTAMP},
            </if>
            <if test="lastLoginIp != null">
                #{lastLoginIp,jdbcType=VARCHAR},
            </if>
            <if test="userLevel != null">
                #{userLevel,jdbcType=TINYINT},
            </if>
            <if test="nickname != null">
                #{nickname,jdbcType=VARCHAR},
            </if>
            <if test="mobile != null">
                #{mobile,jdbcType=VARCHAR},
            </if>
            <if test="avatar != null">
                #{avatar,jdbcType=VARCHAR},
            </if>
            <if test="weixinOpenid != null">
                #{weixinOpenid,jdbcType=VARCHAR},
            </if>
            <if test="status != null">
                #{status,jdbcType=TINYINT},
            </if>
            <if test="addTime != null">
                #{addTime,jdbcType=TIMESTAMP},
            </if>
            <if test="updateTime != null">
                #{updateTime,jdbcType=TIMESTAMP},
            </if>
            <if test="deleted != null">
                #{deleted,jdbcType=BIT},
            </if>
        </trim>
    </insert>
    <select id="countByExample" parameterType="cn.neepi.project2.model.UserExample" resultType="java.lang.Long">
        select count(*) from cskaoyan_mall_user
        <if test="_parameter != null">
            <include refid="Example_Where_Clause"/>
        </if>
    </select>
    <update id="updateByExampleSelective" parameterType="map">
        update cskaoyan_mall_user
        <set>
            <if test="record.id != null">
                id = #{record.id,jdbcType=INTEGER},
            </if>
            <if test="record.username != null">
                username = #{record.username,jdbcType=VARCHAR},
            </if>
            <if test="record.password != null">
                password = #{record.password,jdbcType=VARCHAR},
            </if>
            <if test="record.gender != null">
                gender = #{record.gender,jdbcType=TINYINT},
            </if>
            <if test="record.birthday != null">
                birthday = #{record.birthday,jdbcType=DATE},
            </if>
            <if test="record.lastLoginTime != null">
                last_login_time = #{record.lastLoginTime,jdbcType=TIMESTAMP},
            </if>
            <if test="record.lastLoginIp != null">
                last_login_ip = #{record.lastLoginIp,jdbcType=VARCHAR},
            </if>
            <if test="record.userLevel != null">
                user_level = #{record.userLevel,jdbcType=TINYINT},
            </if>
            <if test="record.nickname != null">
                nickname = #{record.nickname,jdbcType=VARCHAR},
            </if>
            <if test="record.mobile != null">
                mobile = #{record.mobile,jdbcType=VARCHAR},
            </if>
            <if test="record.avatar != null">
                avatar = #{record.avatar,jdbcType=VARCHAR},
            </if>
            <if test="record.weixinOpenid != null">
                weixin_openid = #{record.weixinOpenid,jdbcType=VARCHAR},
            </if>
            <if test="record.status != null">
                status = #{record.status,jdbcType=TINYINT},
            </if>
            <if test="record.addTime != null">
                add_time = #{record.addTime,jdbcType=TIMESTAMP},
            </if>
            <if test="record.updateTime != null">
                update_time = #{record.updateTime,jdbcType=TIMESTAMP},
            </if>
            <if test="record.deleted != null">
                deleted = #{record.deleted,jdbcType=BIT},
            </if>
        </set>
        <if test="_parameter != null">
            <include refid="Update_By_Example_Where_Clause"/>
        </if>
    </update>
    <update id="updateByExample" parameterType="map">
        update cskaoyan_mall_user
        set id = #{record.id,jdbcType=INTEGER},
        username = #{record.username,jdbcType=VARCHAR},
        password = #{record.password,jdbcType=VARCHAR},
        gender = #{record.gender,jdbcType=TINYINT},
        birthday = #{record.birthday,jdbcType=DATE},
        last_login_time = #{record.lastLoginTime,jdbcType=TIMESTAMP},
        last_login_ip = #{record.lastLoginIp,jdbcType=VARCHAR},
        user_level = #{record.userLevel,jdbcType=TINYINT},
        nickname = #{record.nickname,jdbcType=VARCHAR},
        mobile = #{record.mobile,jdbcType=VARCHAR},
        avatar = #{record.avatar,jdbcType=VARCHAR},
        weixin_openid = #{record.weixinOpenid,jdbcType=VARCHAR},
        status = #{record.status,jdbcType=TINYINT},
        add_time = #{record.addTime,jdbcType=TIMESTAMP},
        update_time = #{record.updateTime,jdbcType=TIMESTAMP},
        deleted = #{record.deleted,jdbcType=BIT}
        <if test="_parameter != null">
            <include refid="Update_By_Example_Where_Clause"/>
        </if>
    </update>
    <update id="updateByPrimaryKeySelective" parameterType="cn.neepi.project2.model.User">
        update cskaoyan_mall_user
        <set>
            <if test="username != null">
                username = #{username,jdbcType=VARCHAR},
            </if>
            <if test="password != null">
                password = #{password,jdbcType=VARCHAR},
            </if>
            <if test="gender != null">
                gender = #{gender,jdbcType=TINYINT},
            </if>
            <if test="birthday != null">
                birthday = #{birthday,jdbcType=DATE},
            </if>
            <if test="lastLoginTime != null">
                last_login_time = #{lastLoginTime,jdbcType=TIMESTAMP},
            </if>
            <if test="lastLoginIp != null">
                last_login_ip = #{lastLoginIp,jdbcType=VARCHAR},
            </if>
            <if test="userLevel != null">
                user_level = #{userLevel,jdbcType=TINYINT},
            </if>
            <if test="nickname != null">
                nickname = #{nickname,jdbcType=VARCHAR},
            </if>
            <if test="mobile != null">
                mobile = #{mobile,jdbcType=VARCHAR},
            </if>
            <if test="avatar != null">
                avatar = #{avatar,jdbcType=VARCHAR},
            </if>
            <if test="weixinOpenid != null">
                weixin_openid = #{weixinOpenid,jdbcType=VARCHAR},
            </if>
            <if test="status != null">
                status = #{status,jdbcType=TINYINT},
            </if>
            <if test="addTime != null">
                add_time = #{addTime,jdbcType=TIMESTAMP},
            </if>
            <if test="updateTime != null">
                update_time = #{updateTime,jdbcType=TIMESTAMP},
            </if>
            <if test="deleted != null">
                deleted = #{deleted,jdbcType=BIT},
            </if>
        </set>
        where id = #{id,jdbcType=INTEGER}
    </update>
    <update id="updateByPrimaryKey" parameterType="cn.neepi.project2.model.User">
    update cskaoyan_mall_user
    set username = #{username,jdbcType=VARCHAR},
      password = #{password,jdbcType=VARCHAR},
      gender = #{gender,jdbcType=TINYINT},
      birthday = #{birthday,jdbcType=DATE},
      last_login_time = #{lastLoginTime,jdbcType=TIMESTAMP},
      last_login_ip = #{lastLoginIp,jdbcType=VARCHAR},
      user_level = #{userLevel,jdbcType=TINYINT},
      nickname = #{nickname,jdbcType=VARCHAR},
      mobile = #{mobile,jdbcType=VARCHAR},
      avatar = #{avatar,jdbcType=VARCHAR},
      weixin_openid = #{weixinOpenid,jdbcType=VARCHAR},
      status = #{status,jdbcType=TINYINT},
      add_time = #{addTime,jdbcType=TIMESTAMP},
      update_time = #{updateTime,jdbcType=TIMESTAMP},
      deleted = #{deleted,jdbcType=BIT}
    where id = #{id,jdbcType=INTEGER}
  </update>
    <select id="queryUserStatInfo" resultType="cn.neepi.project2.model.ResponseModel.UserStatInfo">
      select count(id) as users, date_format(add_time, '%Y-%m-%d') as day from cskaoyan_mall_user
    GROUP BY date_format(add_time, '%Y-%m-%d')
    </select>
</mapper>
