<?xml version="1.0" encoding="UTF-8"?>
<!DOCTYPE generatorConfiguration
        PUBLIC "-//mybatis.org//DTD MyBatis Generator Configuration 1.0//EN"
        "http://mybatis.org/dtd/mybatis-generator-config_1_0.dtd">
<generatorConfiguration>
    <properties resource="static/application.properties"/>
    <!--mysql 连接数据库jar 这里选择自己本地位置-->
    <classPathEntry
            location="/Volumes/BOOTCAMP/repository/mysql/mysql-connector-java/5.1.47/mysql-connector-java-5.1.47.jar"/>


    <context id="Mysql" targetRuntime="MyBatis3">

        <property name="beginningDelimiter" value="`"/>
        <property name="endingDelimiter" value="`"/>


        <!-- 生成 JavaBean 对象继承 Serializable 类 -->
        <plugin type="org.mybatis.generator.plugins.SerializablePlugin"/>
        <commentGenerator>
            <!-- 是否去除自动生成的注释 true：是 ： false:否 -->
            <property name="suppressAllComments" value="true"/>
        </commentGenerator>


        <!--数据库连接的信息：驱动类、连接地址、用户名、密码 -->
        <jdbcConnection driverClass="${spring.datasource.driverClassName}"
                        connectionURL="${spring.datasource.url}"
                        userId="${spring.datasource.username}"
                        password="${spring.datasource.password}">
        </jdbcConnection>
        <!-- 默认false，把JDBC DECIMAL 和 NUMERIC 类型解析为 Integer，为 true时把JDBC DECIMAL 和
           NUMERIC 类型解析为java.math.BigDecimal -->
        <javaTypeResolver>
            <property name="forceBigDecimals" value="false"/>
        </javaTypeResolver>


        <!-- targetProject:生成PO类的位置 -->
        <javaModelGenerator targetPackage="cn.neepi.project2.model"
                            targetProject="src/main/java">
            <!-- enableSubPackages:是否让schema作为包的后缀 -->
            <property name="enableSubPackages" value="false"/>
            <!-- 从数据库返回的值被清理前后的空格 -->
            <property name="trimStrings" value="true"/>
        </javaModelGenerator>
        <!-- targetProject:mapper映射文件生成的位置
           如果maven工程只是单独的一个工程，targetProject="src/main/java"
           若果maven工程是分模块的工程，targetProject="所属模块的名称"，例如：
           targetProject="ecps-manager-mapper"，下同-->
        <sqlMapGenerator targetPackage="cn.neepi.project2.mapper"
                         targetProject="src/main/resources">
            <!-- enableSubPackages:是否让schema作为包的后缀 -->
            <property name="enableSubPackages" value="false"/>
        </sqlMapGenerator>
        <!-- targetPackage：mapper接口生成的位置 -->
        <javaClientGenerator type="XMLMAPPER"
                             targetPackage="cn.neepi.project2.mapper"
                             targetProject="src/main/java">
            <!-- enableSubPackages:是否让schema作为包的后缀 -->
            <property name="enableSubPackages" value="false"/>
        </javaClientGenerator>
        <!-- 指定数据库表  多个表示,可用多个table标签-->
        <table tableName="cskaoyan_mall_ad" domainObjectName="Ad"/>
        <table tableName="cskaoyan_mall_address" domainObjectName="Address"/>
        <table tableName="cskaoyan_mall_admin" domainObjectName="Admin"/>
        <table tableName="cskaoyan_mall_brand" domainObjectName="Brand"/>
        <table tableName="cskaoyan_mall_cart" domainObjectName="Cart"/>
        <table tableName="cskaoyan_mall_category" domainObjectName="CateGory"/>
        <table tableName="cskaoyan_mall_collect" domainObjectName="Collect"/>
        <table tableName="cskaoyan_mall_comment" domainObjectName="Comment"/>
        <table tableName="cskaoyan_mall_coupon" domainObjectName="Coupon"/>
        <table tableName="cskaoyan_mall_coupon_user" domainObjectName="CouponUser"/>
        <table tableName="cskaoyan_mall_feedback" domainObjectName="Feedback"/>
        <table tableName="cskaoyan_mall_footprint" domainObjectName="Footprint"/>
        <table tableName="cskaoyan_mall_goods" domainObjectName="Goods"/>
        <table tableName="cskaoyan_mall_goods_attribute" domainObjectName="GoodsAttribute"/>
        <table tableName="cskaoyan_mall_goods_product" domainObjectName="GoodsProduct"/>
        <table tableName="cskaoyan_mall_goods_specification" domainObjectName="GoodsSpecification"/>
        <table tableName="cskaoyan_mall_groupon" domainObjectName="Groupon"/>
        <table tableName="cskaoyan_mall_groupon_rules" domainObjectName="GrouponRules"/>
        <table tableName="cskaoyan_mall_issue" domainObjectName="Issue"/>
        <table tableName="cskaoyan_mall_keyword" domainObjectName="Keyword"/>
        <table tableName="cskaoyan_mall_log" domainObjectName="Log"/>
        <table tableName="cskaoyan_mall_order" domainObjectName="Order"/>
        <table tableName="cskaoyan_mall_order_goods" domainObjectName="OrderGoods"/>
        <table tableName="cskaoyan_mall_permission" domainObjectName="Permission"/>
        <table tableName="cskaoyan_mall_region" domainObjectName="Region"/>
        <table tableName="cskaoyan_mall_role" domainObjectName="Role"/>
        <table tableName="cskaoyan_mall_search_history" domainObjectName="SearchHistory"/>
        <table tableName="cskaoyan_mall_storage" domainObjectName="Storage"/>
        <table tableName="cskaoyan_mall_system" domainObjectName="System"/>
        <table tableName="cskaoyan_mall_topic" domainObjectName="topic"/>
        <table tableName="cskaoyan_mall_user" domainObjectName="User"/>
        <table tableName="cskaoyan_mall_user_formid" domainObjectName="UserFormid"/>
    </context>
</generatorConfiguration>
